spec,url,violations,critical,serious,moderate,minor,csv,html
"","https://accessmatch.ddev.site/",5,2,0,2,1,"spec__https___accessmatch_ddev_site_.csv","spec__https___accessmatch_ddev_site_.html"
"","https://accessmatch.ddev.site/announcements",1,0,0,1,0,"spec__https___accessmatch_ddev_site_announcements.csv","spec__https___accessmatch_ddev_site_announcements.html"
"","https://accessmatch.ddev.site/announcements/tacc-status-saturday-september-27-2025",1,0,0,1,0,"spec__https___accessmatch_ddev_site_announcements_tacc_status_saturday_september_27_2025.csv","spec__https___accessmatch_ddev_site_announcements_tacc_status_saturday_september_27_2025.html"
"","https://accessmatch.ddev.site/events",2,0,1,1,0,"spec__https___accessmatch_ddev_site_events.csv","spec__https___accessmatch_ddev_site_events.html"
"","https://accessmatch.ddev.site/events/8482",1,0,0,1,0,"spec__https___accessmatch_ddev_site_events_8482.csv","spec__https___accessmatch_ddev_site_events_8482.html"
"","https://accessmatch.ddev.site/outages",1,0,0,1,0,"spec__https___accessmatch_ddev_site_outages.csv","spec__https___accessmatch_ddev_site_outages.html"
"","https://accessmatch.ddev.site/community/overview",2,1,0,1,0,"spec__https___accessmatch_ddev_site_community_overview.csv","spec__https___accessmatch_ddev_site_community_overview.html"
"","https://accessmatch.ddev.site/affinity-groups",2,0,0,2,0,"spec__https___accessmatch_ddev_site_affinity_groups.csv","spec__https___accessmatch_ddev_site_affinity_groups.html"
"","https://accessmatch.ddev.site/affinity-groups/anvil",3,0,1,2,0,"spec__https___accessmatch_ddev_site_affinity_groups_anvil.csv","spec__https___accessmatch_ddev_site_affinity_groups_anvil.html"
"","https://accessmatch.ddev.site/community/cssn",4,1,0,3,0,"spec__https___accessmatch_ddev_site_community_cssn.csv","spec__https___accessmatch_ddev_site_community_cssn.html"
"","https://accessmatch.ddev.site/community/cssn/directory",1,0,0,1,0,"spec__https___accessmatch_ddev_site_community_cssn_directory.csv","spec__https___accessmatch_ddev_site_community_cssn_directory.html"
"","https://accessmatch.ddev.site/community-persona/100",2,0,0,2,0,"spec__https___accessmatch_ddev_site_community_persona_100.csv","spec__https___accessmatch_ddev_site_community_persona_100.html"
"","https://accessmatch.ddev.site/community/badges",1,0,0,1,0,"spec__https___accessmatch_ddev_site_community_badges.csv","spec__https___accessmatch_ddev_site_community_badges.html"
"","https://accessmatch.ddev.site/community/scipe",1,0,0,1,0,"spec__https___accessmatch_ddev_site_community_scipe.csv","spec__https___accessmatch_ddev_site_community_scipe.html"
"","https://accessmatch.ddev.site/ccep-workforce-development-funded-workshops",3,1,0,2,0,"spec__https___accessmatch_ddev_site_ccep_workforce_development_funded_workshops.csv","spec__https___accessmatch_ddev_site_ccep_workforce_development_funded_workshops.html"
"","https://accessmatch.ddev.site/knowledge-base/overview",3,1,0,2,0,"spec__https___accessmatch_ddev_site_knowledge_base_overview.csv","spec__https___accessmatch_ddev_site_knowledge_base_overview.html"
"","https://accessmatch.ddev.site/knowledge-base/resources",1,0,0,1,0,"spec__https___accessmatch_ddev_site_knowledge_base_resources.csv","spec__https___accessmatch_ddev_site_knowledge_base_resources.html"
"","https://accessmatch.ddev.site/find",3,1,0,1,1,"spec__https___accessmatch_ddev_site_find.csv","spec__https___accessmatch_ddev_site_find.html"
"","https://accessmatch.ddev.site/tags",1,0,0,1,0,"spec__https___accessmatch_ddev_site_tags.csv","spec__https___accessmatch_ddev_site_tags.html"
"","https://accessmatch.ddev.site/video-learning-center",2,0,0,2,0,"spec__https___accessmatch_ddev_site_video_learning_center.csv","spec__https___accessmatch_ddev_site_video_learning_center.html"
"","https://accessmatch.ddev.site/match/overview",3,1,0,2,0,"spec__https___accessmatch_ddev_site_match_overview.csv","spec__https___accessmatch_ddev_site_match_overview.html"
"","https://accessmatch.ddev.site/access-and-nairr-pilot-office-hours",1,0,0,1,0,"spec__https___accessmatch_ddev_site_access_and_nairr_pilot_office_hours.csv","spec__https___accessmatch_ddev_site_access_and_nairr_pilot_office_hours.html"
"","https://accessmatch.ddev.site/tools/overview",2,1,0,1,0,"spec__https___accessmatch_ddev_site_tools_overview.csv","spec__https___accessmatch_ddev_site_tools_overview.html"
"","https://accessmatch.ddev.site/tools/ondemand",3,1,0,2,0,"spec__https___accessmatch_ddev_site_tools_ondemand.csv","spec__https___accessmatch_ddev_site_tools_ondemand.html"
"","https://accessmatch.ddev.site/tools/pegasus",3,1,0,2,0,"spec__https___accessmatch_ddev_site_tools_pegasus.csv","spec__https___accessmatch_ddev_site_tools_pegasus.html"
"","https://accessmatch.ddev.site/tools/science-gateways",3,1,0,2,0,"spec__https___accessmatch_ddev_site_tools_science_gateways.csv","spec__https___accessmatch_ddev_site_tools_science_gateways.html"
"","https://accessmatch.ddev.site/tools/xdmod",3,1,0,2,0,"spec__https___accessmatch_ddev_site_tools_xdmod.csv","spec__https___accessmatch_ddev_site_tools_xdmod.html"
"","https://accessmatch.ddev.site/help-ticket",1,0,0,1,0,"spec__https___accessmatch_ddev_site_help_ticket.csv","spec__https___accessmatch_ddev_site_help_ticket.html"
"","https://accessmatch.ddev.site/node/add/access_news",4,1,0,2,1,"spec__https___accessmatch_ddev_site_node_add_access_news.csv","spec__https___accessmatch_ddev_site_node_add_access_news.html"
"","https://accessmatch.ddev.site/events/add/default",4,1,0,2,1,"spec__https___accessmatch_ddev_site_events_add_default.csv","spec__https___accessmatch_ddev_site_events_add_default.html"
"","https://accessmatch.ddev.site/events/add/default",4,1,0,2,1,"spec__https___accessmatch_ddev_site_events_add_default.csv","spec__https___accessmatch_ddev_site_events_add_default.html"
"","https://accessmatch.ddev.site/form/resource",2,0,1,1,0,"spec__https___accessmatch_ddev_site_form_resource.csv","spec__https___accessmatch_ddev_site_form_resource.html"
"","https://accessmatch.ddev.site/node/add/match_engagement?type=plus",1,0,0,1,0,"spec__https___accessmatch_ddev_site_node_add_match_engagement_type_plus.csv","spec__https___accessmatch_ddev_site_node_add_match_engagement_type_plus.html"
"","https://accessmatch.ddev.site/user/201/edit",1,0,0,1,0,"spec__https___accessmatch_ddev_site_user_201_edit.csv","spec__https___accessmatch_ddev_site_user_201_edit.html"
